"Timestamp","Nama Lengkap","NIK","Divisi"
"2023/02/22 10:06:12 AM GMT+7","Retno Wijayanti ","0522","THO"
"2023/02/22 10:06:31 AM GMT+7","Melissa Rosalin","0995","HSE"
"2023/02/22 10:06:55 AM GMT+7","Rina Sihotang","2366","ITE"
"2023/02/22 10:07:17 AM GMT+7","Kelvin Zakarias","5209","Accounting"
"2023/02/22 10:07:56 AM GMT+7","Putri intan mayang sari","4390","Hrd"
"2023/02/22 10:08:00 AM GMT+7","Eskarina Leonardi","3146","Finance"
"2023/02/22 10:08:20 AM GMT+7","Putri intan mayang sari","4390","Hrd"
"2023/02/22 10:08:56 AM GMT+7","Julianti Hadiana","4077","Accounting"
"2023/02/22 10:09:04 AM GMT+7","Cyntia Sinar Pandean","2944","Accounting"
"2023/02/22 10:09:59 AM GMT+7","Agustini Pardosi","1620","HSE"
"2023/02/22 10:11:23 AM GMT+7","Janustra Bayu Prabowo","1124","IT"
"2023/02/22 10:11:54 AM GMT+7","juwita","4137","procurement MIP"
"2023/02/22 10:12:21 AM GMT+7","Mila Sri Meiliyawati","2697","THO"
"2023/02/22 10:12:23 AM GMT+7","Citra Amanda","252","Keuangan"
"2023/02/22 10:12:26 AM GMT+7","Maryono","212","SCM"
"2023/02/22 10:12:36 AM GMT+7","Melina","7296","ITE"
"2023/02/22 10:12:46 AM GMT+7","Agung Pambudi","342","SCM"
"2023/02/22 10:13:32 AM GMT+7","Nanda reka kuswara","0948","Produksi"
"2023/02/22 10:13:40 AM GMT+7","Dara Dwi Anggraini","4136","HRD"
"2023/02/22 10:13:45 AM GMT+7","Ia Kurnia","932","Akunting"
"2023/02/22 10:13:49 AM GMT+7","Danang M.Z. fahmi","1859","HRD"
"2023/02/22 10:13:55 AM GMT+7","Taras Ottoluwa","899","HRG"
"2023/02/22 10:13:57 AM GMT+7","Muslih Kamaludin","EK.03.18.1730","Produksi"
"2023/02/22 10:14:44 AM GMT+7","cindy adelia","51104","Accounting "
"2023/02/22 10:17:48 AM GMT+7","Saefudin","3051","IT"
"2023/02/22 10:26:45 AM GMT+7","Herdadi Purwalaksana","3251","ITE"
"2023/02/22 10:30:13 AM GMT+7","tamara bunga","3174016010970014","  "
"2023/02/22 10:34:29 AM GMT+7","Giovani Citradewi","Tidak tahu","Accounting - Mandiriland"
"2023/02/22 10:37:58 AM GMT+7","naeman herawati","tidak punya","sekertaris-mandiriland"
"2023/02/22 10:42:01 AM GMT+7","Tarsino","1630","HRD"
"2023/02/22 10:49:31 AM GMT+7","gondan ","1050","THO"
"2023/02/22 10:54:01 AM GMT+7","Lewi Parubak","EK.03.11.1055","Departemen HSE"
"2023/02/22 10:59:28 AM GMT+7","MICHELLE SEPTINA","3670","LEGAL"