"Timestamp","Nama Lengkap","Company","Willing to attend the Mandiricoal Gala Dinner"
"2022/11/21 4:59:38 PM GMT+7","Dewi Nirahai Mustakim","PT Mandiri Intiperkasa","Yes"
"2022/11/21 5:06:41 PM GMT+7","Julianti Hadiana","PT Mandiri Intiperkasa","Yes"
"2022/11/21 5:08:49 PM GMT+7","Prisilia Apriliani","PT Mandiri Intiperkasa","Yes"
"2022/11/21 5:12:16 PM GMT+7","SIAUW LIE MOY","PT Mandiri Intiperkasa","Yes"
"2022/11/21 5:14:22 PM GMT+7","Sri Hartini","PT Mandiri Intiperkasa","Yes"
"2022/11/21 6:10:15 PM GMT+7","Juwita ","PT Mandiri Intiperkasa","Yes"
"2022/11/21 6:10:29 PM GMT+7","Cyntia Sinar P","PT Mandiri Intiperkasa","Yes"
"2022/11/21 6:13:24 PM GMT+7","wiedy senggono","PT Mandiri Intiperkasa","Yes"
"2022/11/21 8:21:31 PM GMT+7","Tamara bunga","PT Mandiri Intiperkasa","Yes"
"2022/11/22 8:51:03 AM GMT+7","Agus Umar Yani","PT Mandiri Intiperkasa","Yes"
"2022/11/22 9:09:38 AM GMT+7","Desi Anggraeni","PT Prima Andalan Mandiri","Yes"
"2022/11/22 9:13:54 AM GMT+7","Wisnu Hermanto","PT Prima Andalan Mandiri","Yes"
"2022/11/22 10:43:33 AM GMT+7","Melina","PT Mandiri Intiperkasa","No"
"2022/11/22 10:44:08 AM GMT+7","ANNIS SYAFIQA HAYATI","PT Mandiri Intiperkasa","Yes"
"2022/11/22 10:44:41 AM GMT+7","Agnis Setyowuni","PT Mandiri Intiperkasa","Yes"
"2022/11/22 10:44:53 AM GMT+7","cindy adelia","PT Mandiri Intiperkasa","Yes"
"2022/11/22 10:45:46 AM GMT+7","Sasmito Handoko","PT Mandiri Intiperkasa","Yes"
"2022/11/22 10:48:19 AM GMT+7","ANDIKA DEBI PUTRA","PT Mandiri Intiperkasa","Yes"
"2022/11/22 10:51:30 AM GMT+7","Ilham Nuril","PT Mandiri Intiperkasa","Yes"
"2022/11/22 10:53:35 AM GMT+7","Ardiyanto Ikhsan","PT Prima Andalan Mandiri","No"
"2022/11/22 10:56:16 AM GMT+7","Hendry Wijaya Gunawan","PT Prima Andalan Mandiri","Yes"
"2022/11/22 10:58:03 AM GMT+7","Ibrahim Budhiman","PT Prima Andalan Mandiri","Yes"
"2022/11/22 11:23:08 AM GMT+7","Abdul Muid","PT Mandiri Intiperkasa","Yes"
"2022/11/22 11:25:57 AM GMT+7","Tarsino","PT Mandiri Intiperkasa","Yes"
"2022/11/22 11:32:14 AM GMT+7","Herdadi Purwalaksana","PT Mandiri Intiperkasa","Yes"
"2022/11/22 12:05:49 PM GMT+7","Hery Purnomo","PT Mandiri Intiperkasa","Yes"
"2022/11/22 12:15:54 PM GMT+7","ARI WIGATI","PT Mandiri Intiperkasa","Yes"
"2022/11/22 1:08:59 PM GMT+7","Suanta Wijaya","PT Prima Andalan Mandiri","Yes"
"2022/11/22 2:46:59 PM GMT+7","Saefudin","PT Mandiri Intiperkasa","Yes"
"2022/11/22 2:47:15 PM GMT+7","Retno Wijayanti ","PT Mandiri Intiperkasa","Yes"
"2022/11/22 2:47:31 PM GMT+7","Saefudin","PT Mandiri Intiperkasa","Yes"
"2022/11/22 2:48:04 PM GMT+7","Ari Wigati ","PT Mandiri Intiperkasa","Yes"
"2022/11/22 2:48:05 PM GMT+7","Saefudin","PT Mandiri Intiperkasa","Yes"
"2022/11/22 2:52:11 PM GMT+7","Margaretha","PT Mandiri Intiperkasa","Yes"
"2022/11/22 2:52:15 PM GMT+7","PT Mandiri Intiperkasa","PT Mandiri Intiperkasa","Yes"
"2022/11/22 2:52:45 PM GMT+7","Mila Sri Meiliyawati","PT Mandiri Intiperkasa","No"