"Timestamp","Nama Lengkap","Jabatan/Posisi","Divisi","Dengan ini saya menyatakan bahwa saya menghadiri  Rapat Tinjauan Management 2023 Hari ke-2"
"2023/10/20 8:59:55 AM GMT+7","Mundari","Officer","HRD Site","Ya"
"2023/10/20 8:59:58 AM GMT+7","Gilang","Enviro","Hse","Hadir"
"2023/10/20 9:00:11 AM GMT+7","Ersha Amanah","Staff KTT","Manajemen Site ","Yes"
"2023/10/20 9:01:31 AM GMT+7","Ilham N","IT Support","ITE","YA"
"2023/10/20 9:01:44 AM GMT+7","Agustini Pardosi","Staff","HSE","Rapat Tinjauan Management 2023 Hari ke-2"
"2023/10/20 9:01:47 AM GMT+7","Qotrunnada Alwi Zubaidah","Dokter klinik","Klinik/HSE","Dengan ini saya menyatakan bahwa saya menghadiri  Rapat Tinjauan Management 2023 Hari ke-2"
"2023/10/20 9:01:53 AM GMT+7","Iwan Harijadi","Head Departement","CPP","Hadir"
"2023/10/20 9:03:09 AM GMT+7","gondan sy","THO","THO","Ya"
"2023/10/20 9:05:09 AM GMT+7","Rina Sihotang","System and Application Dept. Head","ITE","Ya"
"2023/10/20 9:15:32 AM GMT+7","Didik Setyawan ","Safety supervisor ","HSE","Ya"
"2023/10/20 9:15:32 AM GMT+7","Rochmad Mujiono","Manager Support","Support","Ya"
"2023/10/20 9:24:34 AM GMT+7","Fitri Yanti","Staf Shipping HO","Marketing","Ya"
"2023/10/20 9:28:08 AM GMT+7","Abdul Muid","HR","HR","Ya"
"2023/10/20 9:29:12 AM GMT+7","Ibrahim Budhiman","Legal","Legal","Ya"
"2023/10/20 9:35:28 AM GMT+7","Ardi Nashri S","Superintendent","Engineering","Ya"
"2023/10/20 9:52:15 AM GMT+7","Dimas Ragil Saputra","Foreman Washing Plant","Washing Plant","Ya"
"2023/10/20 9:52:38 AM GMT+7","Christian Samara Paturanan","Foreman","GAW","Ya"
"2023/10/20 10:03:26 AM GMT+7","M. Hasim Dwi Prajitno ","Supervisor ","HSE ","Ya"
"2023/10/20 10:27:56 AM GMT+7","Horas N","Staff THO","THO","Ya"
"2023/10/20 10:32:55 AM GMT+7","wiedy","dco","dco","Ya"
"2023/10/20 11:26:42 AM GMT+7","Melissa Rosalin","Staff lingkungan","HSE","Ya"
"2023/10/20 12:58:50 PM GMT+7","Agnis Setyowuni","Shipping Staff","Marketing","Ya"
"2023/10/20 1:02:47 PM GMT+7","Julianti","Staff","Accounting","Ya"
"2023/10/20 1:05:51 PM GMT+7","Didik Setyawan ","Safety supervisor ","HSE ","Ya"
"2023/10/20 1:17:29 PM GMT+7","Budiman","Foreman Logistik","GAW","Ya"
"2023/10/20 1:18:51 PM GMT+7","M Robert Boro","Managemen Representative ","Managemen","Ya"
"2023/10/20 1:20:55 PM GMT+7","Rina Sihotang","Sys and App Dept. Head","ITE","Ya"
"2023/10/20 1:31:21 PM GMT+7","Ardi Nashri S","Superintendent","Engineering","Ya"
"2023/10/20 2:23:45 PM GMT+7","juwita","staff","procurement","Ya"
"2023/10/20 2:25:45 PM GMT+7","ESKARINA LEONARDI","FINANCE SAP","FINANCE","Ya"
"2023/10/20 2:30:59 PM GMT+7","Krishna","Manager operasional","Operasional","Ya"
"2023/10/20 2:39:13 PM GMT+7","MARGARETHA M. DEMON","FINANCE MANAGER","FINANCE","Ya"
"2023/10/20 2:42:18 PM GMT+7","Michael Karel T","Supervisor","Produksi","Ya"