"Timestamp","Nama","Silahkan pilih laptop Maksimal 3, berikut spesifikasi singkatnya","Saya telah membaca syarat dan ketentuan diatas dan menyetujui untuk mengikuti undian berikut"
"2022/10/10 4:05:06 PM GMT+7","wiedy","Toshiba Satellite L510 (Intel Core i3, Windows XP Professional, RAM 2 GB, HDD 500 GB) Kondisi wajib colok charger;HP 248 Gen 1 (Intel Core i3, Windows 10 Professional, RAM 4 GB, HDD 500 GB ) Kondisi wajib colok charger, engsel + body retak di bagian kanan;Toshiba Satellite L510 (Intel Core i3, Windows 7 Ultimate, RAM 4 GB, HDD 1 TB) Kondisi terdapat retak pada body bawah kiri, wajib colok charger","Ya, Setuju"
"2022/10/10 4:07:35 PM GMT+7","Kosasih","HP 248 Gen 1 (Intel Core i3, Windows 10 Professional, RAM 4 GB, HDD 500 GB ) Kondisi wajib colok charger, engsel + body retak di bagian kanan;Toshiba Satellite L645 (Intel Core i3, Windows 7 Home Premium, RAM 2 GB, HDD 500 GB) Kondisi sedikit kotor, dan wajib colok baterai;Toshiba Satellite L510 (Intel Core i3, Windows 7 Ultimate, RAM 4 GB, HDD 1 TB) Kondisi terdapat retak pada body bawah kiri, wajib colok charger","Ya, Setuju"
"2022/10/10 4:17:39 PM GMT+7","Tarsino","HP 248 Gen 1 (Intel Core i3, Windows 10 Professional, RAM 4 GB, HDD 500 GB ) Kondisi wajib colok charger, engsel + body retak di bagian kanan","Ya, Setuju"
"2022/10/10 4:18:31 PM GMT+7","Dika","Toshiba Satellite C40-A (Intel Core i3, Windows 7 Ultimate, RAM 2 GB, HDD 500 GB) Kondisi wajib colok charger;Toshiba Satellite L510 (Intel Core i3, Windows 7 Ultimate, RAM 4 GB, HDD 1 TB) Kondisi terdapat retak pada body bawah kiri, wajib colok charger","Ya, Setuju"
"2022/10/10 4:19:05 PM GMT+7","Ahmad Sofyan ","Toshiba Satellite L510 (Intel Core i3, Windows XP Professional, RAM 2 GB, HDD 500 GB) Kondisi wajib colok charger;HP 248 Gen 1 (Intel Core i3, Windows 10 Professional, RAM 4 GB, HDD 500 GB ) Kondisi wajib colok charger, engsel + body retak di bagian kanan;Toshiba Satellite L510 (Intel Core i3, Windows 7 Ultimate, RAM 4 GB, HDD 1 TB) Kondisi terdapat retak pada body bawah kiri, wajib colok charger","Ya, Setuju"
"2022/10/10 4:19:08 PM GMT+7","Karin","HP 248 Gen 1 (Intel Core i3, Windows 10 Professional, RAM 4 GB, HDD 500 GB ) Kondisi wajib colok charger, engsel + body retak di bagian kanan;Toshiba Satellite L645 (Intel Core i3, Windows 7 Home Premium, RAM 2 GB, HDD 500 GB) Kondisi sedikit kotor, dan wajib colok baterai;Toshiba Satellite L510 (Intel Core i3, Windows 7 Ultimate, RAM 4 GB, HDD 1 TB) Kondisi terdapat retak pada body bawah kiri, wajib colok charger","Ya, Setuju"
"2022/10/10 4:19:34 PM GMT+7","Akhmad sekhu","Toshiba Satellite L630 (Intel Core i3, Windows 7 Professional, RAM 2 GB, HDD 250 GB) Kondisi wajib colok charger, Microsoft Office tidak ada.;HP 248 Gen 1 (Intel Core i3, Windows 10 Professional, RAM 4 GB, HDD 500 GB ) Kondisi wajib colok charger, engsel + body retak di bagian kanan;Toshiba Satellite L645 (Intel Core i3, Windows 7 Home Premium, RAM 2 GB, HDD 500 GB) Kondisi sedikit kotor, dan wajib colok baterai","Ya, Setuju"
"2022/10/10 4:21:42 PM GMT+7","tamara bunga gadis tamtia","Toshiba Satellite L510 (Intel Core i3, Windows XP Professional, RAM 2 GB, HDD 500 GB) Kondisi wajib colok charger;Toshiba Satellite C40-A (Intel Core i3, Windows 7 Ultimate, RAM 2 GB, HDD 500 GB) Kondisi wajib colok charger;HP 248 Gen 1 (Intel Core i3, Windows 10 Professional, RAM 4 GB, HDD 500 GB ) Kondisi wajib colok charger, engsel + body retak di bagian kanan","Ya, Setuju"
"2022/10/10 4:25:05 PM GMT+7","ANNIS SYAFIQA HAYATI","Toshiba Satellite C40-A (Intel Core i3, Windows 7 Ultimate, RAM 2 GB, HDD 500 GB) Kondisi wajib colok charger;Toshiba Satellite L645 (Intel Core i3, Windows 7 Home Premium, RAM 2 GB, HDD 500 GB) Kondisi sedikit kotor, dan wajib colok baterai;Toshiba Satellite L510 (Intel Core i3, Windows 7 Ultimate, RAM 4 GB, HDD 1 TB) Kondisi terdapat retak pada body bawah kiri, wajib colok charger","Ya, Setuju"
"2022/10/10 4:26:47 PM GMT+7","Retno WIjayanti ","Toshiba Satellite L510 (Intel Core i3, Windows XP Professional, RAM 2 GB, HDD 500 GB) Kondisi wajib colok charger;HP 248 Gen 1 (Intel Core i3, Windows 10 Professional, RAM 4 GB, HDD 500 GB ) Kondisi wajib colok charger, engsel + body retak di bagian kanan;Toshiba Satellite L510 (Intel Core i3, Windows 7 Ultimate, RAM 4 GB, HDD 1 TB) Kondisi terdapat retak pada body bawah kiri, wajib colok charger","Ya, Setuju"
"2022/10/10 4:29:51 PM GMT+7","Cyntia","Toshiba Satellite L510 (Intel Core i3, Windows XP Professional, RAM 2 GB, HDD 500 GB) Kondisi wajib colok charger;Toshiba Satellite C40-A (Intel Core i3, Windows 7 Ultimate, RAM 2 GB, HDD 500 GB) Kondisi wajib colok charger","Ya, Setuju"
"2022/10/10 4:30:54 PM GMT+7","Julianti Hadiana","Toshiba Satellite C40-A (Intel Core i3, Windows 7 Ultimate, RAM 2 GB, HDD 500 GB) Kondisi wajib colok charger;Toshiba Satellite L645 (Intel Core i3, Windows 7 Home Premium, RAM 2 GB, HDD 500 GB) Kondisi sedikit kotor, dan wajib colok baterai;Toshiba Satellite L510 (Intel Core i3, Windows 7 Ultimate, RAM 4 GB, HDD 1 TB) Kondisi terdapat retak pada body bawah kiri, wajib colok charger","Ya, Setuju"
"2022/10/10 4:34:30 PM GMT+7","Siauw Lie Moy","Toshiba Satellite L510 (Intel Core i3, Windows XP Professional, RAM 2 GB, HDD 500 GB) Kondisi wajib colok charger;Toshiba Satellite L630 (Intel Core i3, Windows 7 Professional, RAM 2 GB, HDD 250 GB) Kondisi wajib colok charger, Microsoft Office tidak ada.;Toshiba Satellite L510 (Intel Core i3, Windows 7 Ultimate, RAM 4 GB, HDD 1 TB) Kondisi terdapat retak pada body bawah kiri, wajib colok charger","Ya, Setuju"
"2022/10/10 4:35:14 PM GMT+7","Prisilia","Toshiba Satellite C40-A (Intel Core i3, Windows 7 Ultimate, RAM 2 GB, HDD 500 GB) Kondisi wajib colok charger;HP 248 Gen 1 (Intel Core i3, Windows 10 Professional, RAM 4 GB, HDD 500 GB ) Kondisi wajib colok charger, engsel + body retak di bagian kanan;Toshiba Satellite L510 (Intel Core i3, Windows 7 Ultimate, RAM 4 GB, HDD 1 TB) Kondisi terdapat retak pada body bawah kiri, wajib colok charger","Ya, Setuju"
"2022/10/10 4:58:37 PM GMT+7","Horas N","Toshiba Satellite L510 (Intel Core i3, Windows XP Professional, RAM 2 GB, HDD 500 GB) Kondisi wajib colok charger;Toshiba Satellite C40-A (Intel Core i3, Windows 7 Ultimate, RAM 2 GB, HDD 500 GB) Kondisi wajib colok charger;Toshiba Satellite L645 (Intel Core i3, Windows 7 Home Premium, RAM 2 GB, HDD 500 GB) Kondisi sedikit kotor, dan wajib colok baterai","Ya, Setuju"
"2022/10/10 5:03:26 PM GMT+7","Kharisma bintang lazuardi","Toshiba Satellite L510 (Intel Core i3, Windows 7 Ultimate, RAM 4 GB, HDD 1 TB) Kondisi terdapat retak pada body bawah kiri, wajib colok charger","Ya, Setuju"
"2022/10/10 5:55:58 PM GMT+7","Herdadi Purwalaksana","Toshiba Satellite C40-A (Intel Core i3, Windows 7 Ultimate, RAM 2 GB, HDD 500 GB) Kondisi wajib colok charger;Toshiba Satellite L645 (Intel Core i3, Windows 7 Home Premium, RAM 2 GB, HDD 500 GB) Kondisi sedikit kotor, dan wajib colok baterai;Toshiba Satellite L510 (Intel Core i3, Windows 7 Ultimate, RAM 4 GB, HDD 1 TB) Kondisi terdapat retak pada body bawah kiri, wajib colok charger","Ya, Setuju"
"2022/10/11 8:27:35 AM GMT+7","Agnis Setyowuni","Toshiba Satellite L510 (Intel Core i3, Windows XP Professional, RAM 2 GB, HDD 500 GB) Kondisi wajib colok charger;Toshiba Satellite L645 (Intel Core i3, Windows 7 Home Premium, RAM 2 GB, HDD 500 GB) Kondisi sedikit kotor, dan wajib colok baterai","Ya, Setuju"
"2022/10/11 9:41:51 AM GMT+7","Ariwigati ","Toshiba Satellite L510 (Intel Core i3, Windows XP Professional, RAM 2 GB, HDD 500 GB) Kondisi wajib colok charger","Ya, Setuju"
"2022/10/11 11:23:44 AM GMT+7","Ariwigati ","Toshiba Satellite L510 (Intel Core i3, Windows XP Professional, RAM 2 GB, HDD 500 GB) Kondisi wajib colok charger;Toshiba Satellite C40-A (Intel Core i3, Windows 7 Ultimate, RAM 2 GB, HDD 500 GB) Kondisi wajib colok charger;Toshiba Satellite L645 (Intel Core i3, Windows 7 Home Premium, RAM 2 GB, HDD 500 GB) Kondisi sedikit kotor, dan wajib colok baterai","Ya, Setuju"
"2022/10/11 11:27:17 AM GMT+7","Juwita","Toshiba Satellite L510 (Intel Core i3, Windows XP Professional, RAM 2 GB, HDD 500 GB) Kondisi wajib colok charger;Toshiba Satellite C40-A (Intel Core i3, Windows 7 Ultimate, RAM 2 GB, HDD 500 GB) Kondisi wajib colok charger;Toshiba Satellite L510 (Intel Core i3, Windows 7 Ultimate, RAM 4 GB, HDD 1 TB) Kondisi terdapat retak pada body bawah kiri, wajib colok charger","Ya, Setuju"
"2022/10/11 11:30:17 AM GMT+7","Hery purnomo","Toshiba Satellite L630 (Intel Core i3, Windows 7 Professional, RAM 2 GB, HDD 250 GB) Kondisi wajib colok charger, Microsoft Office tidak ada.;Toshiba Satellite C40-A (Intel Core i3, Windows 7 Ultimate, RAM 2 GB, HDD 500 GB) Kondisi wajib colok charger;Toshiba Satellite L645 (Intel Core i3, Windows 7 Home Premium, RAM 2 GB, HDD 500 GB) Kondisi sedikit kotor, dan wajib colok baterai","Ya, Setuju"
"2022/10/11 11:35:59 AM GMT+7","MARGARETHA","Toshiba Satellite L630 (Intel Core i3, Windows 7 Professional, RAM 2 GB, HDD 250 GB) Kondisi wajib colok charger, Microsoft Office tidak ada.;Toshiba Satellite C40-A (Intel Core i3, Windows 7 Ultimate, RAM 2 GB, HDD 500 GB) Kondisi wajib colok charger;Toshiba Satellite L645 (Intel Core i3, Windows 7 Home Premium, RAM 2 GB, HDD 500 GB) Kondisi sedikit kotor, dan wajib colok baterai","Ya, Setuju"
"2022/10/11 2:50:37 PM GMT+7","Saefudin","Toshiba Satellite L630 (Intel Core i3, Windows 7 Professional, RAM 2 GB, HDD 250 GB) Kondisi wajib colok charger, Microsoft Office tidak ada.;HP 248 Gen 1 (Intel Core i3, Windows 10 Professional, RAM 4 GB, HDD 500 GB ) Kondisi wajib colok charger, engsel + body retak di bagian kanan;Toshiba Satellite L645 (Intel Core i3, Windows 7 Home Premium, RAM 2 GB, HDD 500 GB) Kondisi sedikit kotor, dan wajib colok baterai","Ya, Setuju"
"2022/10/11 2:53:01 PM GMT+7","Dewi","HP 248 Gen 1 (Intel Core i3, Windows 10 Professional, RAM 4 GB, HDD 500 GB ) Kondisi wajib colok charger, engsel + body retak di bagian kanan;Toshiba Satellite L510 (Intel Core i3, Windows 7 Ultimate, RAM 4 GB, HDD 1 TB) Kondisi terdapat retak pada body bawah kiri, wajib colok charger","Ya, Setuju"
"2022/10/11 4:30:08 PM GMT+7","Cahyadi","HP 248 Gen 1 (Intel Core i3, Windows 10 Professional, RAM 4 GB, HDD 500 GB ) Kondisi wajib colok charger, engsel + body retak di bagian kanan;Toshiba Satellite L645 (Intel Core i3, Windows 7 Home Premium, RAM 2 GB, HDD 500 GB) Kondisi sedikit kotor, dan wajib colok baterai;Toshiba Satellite L510 (Intel Core i3, Windows 7 Ultimate, RAM 4 GB, HDD 1 TB) Kondisi terdapat retak pada body bawah kiri, wajib colok charger","Ya, Setuju"